السنة هجري,السنة ميلادي,الإدارة العامة,السلطة,الجنس,الجنسية, العدد
1446,2025,الشرقية,حكومي,ذكر,سعودي,16575
1446,2025,الشرقية,حكومي,ذكر,غير سعودي,2234
1446,2025,الشرقية,حكومي,أنثى,سعودي,19426
1446,2025,الشرقية,حكومي,أنثى,غير سعودي,2432
1446,2025,الشرقية,أهلي,ذكر,سعودي,4220
1446,2025,الشرقية,أهلي,ذكر,غير سعودي,524
1446,2025,الشرقية,أهلي,أنثى,سعودي,1881
1446,2025,الشرقية,أهلي,أنثى,غير سعودي,258
1446,2025,الشرقية,عالمي وأجنبي,ذكر,سعودي,315
1446,2025,الشرقية,عالمي وأجنبي,ذكر,غير سعودي,373
1446,2025,الشرقية,عالمي وأجنبي,أنثى,سعودي,314
1446,2025,الشرقية,عالمي وأجنبي,أنثى,غير سعودي,291
1446,2025,الشرقية,الهيئة الملكية,ذكر,سعودي,1217
1446,2025,الشرقية,الهيئة الملكية,ذكر,غير سعودي,37
1446,2025,الاحساء,حكومي,ذكر,سعودي,7520
1446,2025,الاحساء,حكومي,ذكر,غير سعودي,352
1446,2025,الاحساء,حكومي,أنثى,سعودي,7984
1446,2025,الاحساء,حكومي,أنثى,غير سعودي,334
1446,2025,الاحساء,أهلي,ذكر,سعودي,908
1446,2025,الاحساء,أهلي,ذكر,غير سعودي,132
1446,2025,الاحساء,أهلي,أنثى,سعودي,536
1446,2025,الاحساء,أهلي,أنثى,غير سعودي,73
1446,2025,الاحساء,عالمي وأجنبي,ذكر,سعودي,116
1446,2025,الاحساء,عالمي وأجنبي,ذكر,غير سعودي,42
1446,2025,الاحساء,عالمي وأجنبي,أنثى,سعودي,68
1446,2025,الاحساء,عالمي وأجنبي,أنثى,غير سعودي,27
1446,2025,الباحة,حكومي,ذكر,سعودي,2778
1446,2025,الباحة,حكومي,ذكر,غير سعودي,168
1446,2025,الباحة,حكومي,أنثى,سعودي,2951
1446,2025,الباحة,حكومي,أنثى,غير سعودي,165
1446,2025,الباحة,أهلي,ذكر,سعودي,31
1446,2025,الباحة,أهلي,ذكر,غير سعودي,18
1446,2025,الباحة,أهلي,أنثى,سعودي,8
1446,2025,الباحة,عالمي وأجنبي,أنثى,غير سعودي,1
1446,2025,الجوف,حكومي,ذكر,سعودي,4177
1446,2025,الجوف,حكومي,ذكر,غير سعودي,259
1446,2025,الجوف,حكومي,أنثى,سعودي,4110
1446,2025,الجوف,حكومي,أنثى,غير سعودي,256
1446,2025,الجوف,أهلي,ذكر,سعودي,1180
1446,2025,الجوف,أهلي,ذكر,غير سعودي,84
1446,2025,الجوف,أهلي,أنثى,سعودي,943
1446,2025,الجوف,أهلي,أنثى,غير سعودي,77
1446,2025,الجوف,عالمي وأجنبي,ذكر,غير سعودي,6
1446,2025,الجوف,عالمي وأجنبي,أنثى,غير سعودي,2
1446,2025,الحدود الشمالية,حكومي,ذكر,سعودي,2909
1446,2025,الحدود الشمالية,حكومي,ذكر,غير سعودي,225
1446,2025,الحدود الشمالية,حكومي,أنثى,سعودي,2960
1446,2025,الحدود الشمالية,حكومي,أنثى,غير سعودي,253
1446,2025,الحدود الشمالية,أهلي,ذكر,سعودي,340
1446,2025,الحدود الشمالية,أهلي,ذكر,غير سعودي,40
1446,2025,الحدود الشمالية,أهلي,أنثى,سعودي,254
1446,2025,الحدود الشمالية,أهلي,أنثى,غير سعودي,25
1446,2025,الرياض,حكومي,ذكر,سعودي,30838
1446,2025,الرياض,حكومي,ذكر,غير سعودي,6754
1446,2025,الرياض,حكومي,أنثى,سعودي,36745
1446,2025,الرياض,حكومي,أنثى,غير سعودي,7155
1446,2025,الرياض,أهلي,ذكر,سعودي,17822
1446,2025,الرياض,أهلي,ذكر,غير سعودي,2571
1446,2025,الرياض,أهلي,أنثى,سعودي,11572
1446,2025,الرياض,أهلي,أنثى,غير سعودي,1830
1446,2025,الرياض,عالمي وأجنبي,ذكر,سعودي,1355
1446,2025,الرياض,عالمي وأجنبي,ذكر,غير سعودي,1568
1446,2025,الرياض,عالمي وأجنبي,أنثى,سعودي,1274
1446,2025,الرياض,عالمي وأجنبي,أنثى,غير سعودي,1154
1446,2025,مكة المكرمة,حكومي,ذكر,سعودي,11884
1446,2025,مكة المكرمة,حكومي,ذكر,غير سعودي,3598
1446,2025,مكة المكرمة,حكومي,أنثى,سعودي,12749
1446,2025,مكة المكرمة,حكومي,أنثى,غير سعودي,4182
1446,2025,مكة المكرمة,أهلي,ذكر,سعودي,2288
1446,2025,مكة المكرمة,أهلي,ذكر,غير سعودي,323
1446,2025,مكة المكرمة,أهلي,أنثى,سعودي,1096
1446,2025,مكة المكرمة,أهلي,أنثى,غير سعودي,213
1446,2025,مكة المكرمة,عالمي وأجنبي,ذكر,سعودي,96
1446,2025,مكة المكرمة,عالمي وأجنبي,ذكر,غير سعودي,24
1446,2025,مكة المكرمة,عالمي وأجنبي,أنثى,سعودي,62
1446,2025,مكة المكرمة,عالمي وأجنبي,أنثى,غير سعودي,17
1446,2025,جدة,حكومي,ذكر,سعودي,13744
1446,2025,جدة,حكومي,ذكر,غير سعودي,5173
1446,2025,جدة,حكومي,أنثى,سعودي,15558
1446,2025,جدة,حكومي,أنثى,غير سعودي,5229
1446,2025,جدة,أهلي,ذكر,سعودي,4414
1446,2025,جدة,أهلي,ذكر,غير سعودي,1407
1446,2025,جدة,أهلي,أنثى,سعودي,2367
1446,2025,جدة,أهلي,أنثى,غير سعودي,1173
1446,2025,جدة,عالمي وأجنبي,ذكر,سعودي,1028
1446,2025,جدة,عالمي وأجنبي,ذكر,غير سعودي,746
1446,2025,جدة,عالمي وأجنبي,أنثى,سعودي,1058
1446,2025,جدة,عالمي وأجنبي,أنثى,غير سعودي,502
1446,2025,الطائف,حكومي,ذكر,سعودي,7862
1446,2025,الطائف,حكومي,ذكر,غير سعودي,701
1446,2025,الطائف,حكومي,أنثى,سعودي,8088
1446,2025,الطائف,حكومي,أنثى,غير سعودي,721
1446,2025,الطائف,أهلي,ذكر,سعودي,1535
1446,2025,الطائف,أهلي,ذكر,غير سعودي,128
1446,2025,الطائف,أهلي,أنثى,سعودي,1055
1446,2025,الطائف,أهلي,أنثى,غير سعودي,136
1446,2025,الطائف,عالمي وأجنبي,ذكر,سعودي,10
1446,2025,الطائف,عالمي وأجنبي,ذكر,غير سعودي,21
1446,2025,الطائف,عالمي وأجنبي,أنثى,سعودي,18
1446,2025,الطائف,عالمي وأجنبي,أنثى,غير سعودي,15
1446,2025,القصيم,حكومي,ذكر,سعودي,9642
1446,2025,القصيم,حكومي,ذكر,غير سعودي,682
1446,2025,القصيم,حكومي,أنثى,سعودي,10205
1446,2025,القصيم,حكومي,أنثى,غير سعودي,737
1446,2025,القصيم,أهلي,ذكر,سعودي,1860
1446,2025,القصيم,أهلي,ذكر,غير سعودي,299
1446,2025,القصيم,أهلي,أنثى,سعودي,1136
1446,2025,القصيم,أهلي,أنثى,غير سعودي,233
1446,2025,القصيم,عالمي وأجنبي,ذكر,سعودي,27
1446,2025,القصيم,عالمي وأجنبي,ذكر,غير سعودي,8
1446,2025,القصيم,عالمي وأجنبي,أنثى,سعودي,17
1446,2025,القصيم,عالمي وأجنبي,أنثى,غير سعودي,30
1446,2025,المدينة المنورة,حكومي,ذكر,سعودي,11865
1446,2025,المدينة المنورة,حكومي,ذكر,غير سعودي,1969
1446,2025,المدينة المنورة,حكومي,أنثى,سعودي,13643
1446,2025,المدينة المنورة,حكومي,أنثى,غير سعودي,2086
1446,2025,المدينة المنورة,أهلي,ذكر,سعودي,2461
1446,2025,المدينة المنورة,أهلي,ذكر,غير سعودي,281
1446,2025,المدينة المنورة,أهلي,أنثى,سعودي,1942
1446,2025,المدينة المنورة,أهلي,أنثى,غير سعودي,230
1446,2025,المدينة المنورة,عالمي وأجنبي,ذكر,سعودي,63
1446,2025,المدينة المنورة,عالمي وأجنبي,ذكر,غير سعودي,70
1446,2025,المدينة المنورة,عالمي وأجنبي,أنثى,سعودي,34
1446,2025,المدينة المنورة,عالمي وأجنبي,أنثى,غير سعودي,60
1446,2025,المدينة المنورة,الهيئة الملكية,ذكر,سعودي,443
1446,2025,المدينة المنورة,الهيئة الملكية,ذكر,غير سعودي,34
1446,2025,تبوك,حكومي,ذكر,سعودي,5402
1446,2025,تبوك,حكومي,ذكر,غير سعودي,395
1446,2025,تبوك,حكومي,أنثى,سعودي,6548
1446,2025,تبوك,حكومي,أنثى,غير سعودي,480
1446,2025,تبوك,أهلي,ذكر,سعودي,2334
1446,2025,تبوك,أهلي,ذكر,غير سعودي,138
1446,2025,تبوك,أهلي,أنثى,سعودي,1255
1446,2025,تبوك,أهلي,أنثى,غير سعودي,88
1446,2025,تبوك,عالمي وأجنبي,ذكر,سعودي,16
1446,2025,تبوك,عالمي وأجنبي,ذكر,غير سعودي,6
1446,2025,تبوك,عالمي وأجنبي,أنثى,سعودي,9
1446,2025,تبوك,عالمي وأجنبي,أنثى,غير سعودي,3
1446,2025,جازان,حكومي,ذكر,سعودي,11843
1446,2025,جازان,حكومي,ذكر,غير سعودي,1408
1446,2025,جازان,حكومي,أنثى,سعودي,12194
1446,2025,جازان,حكومي,أنثى,غير سعودي,1587
1446,2025,جازان,أهلي,ذكر,سعودي,494
1446,2025,جازان,أهلي,ذكر,غير سعودي,73
1446,2025,جازان,أهلي,أنثى,سعودي,209
1446,2025,جازان,أهلي,أنثى,غير سعودي,46
1446,2025,جازان,عالمي وأجنبي,ذكر,سعودي,4
1446,2025,جازان,عالمي وأجنبي,ذكر,غير سعودي,15
1446,2025,جازان,عالمي وأجنبي,أنثى,سعودي,8
1446,2025,جازان,عالمي وأجنبي,أنثى,غير سعودي,12
1446,2025,حائل,حكومي,ذكر,سعودي,5761
1446,2025,حائل,حكومي,ذكر,غير سعودي,307
1446,2025,حائل,حكومي,أنثى,سعودي,5711
1446,2025,حائل,حكومي,أنثى,غير سعودي,267
1446,2025,حائل,أهلي,ذكر,سعودي,441
1446,2025,حائل,أهلي,ذكر,غير سعودي,81
1446,2025,حائل,أهلي,أنثى,سعودي,243
1446,2025,حائل,أهلي,أنثى,غير سعودي,80
1446,2025,حائل,عالمي وأجنبي,ذكر,سعودي,29
1446,2025,حائل,عالمي وأجنبي,ذكر,غير سعودي,7
1446,2025,حائل,عالمي وأجنبي,أنثى,سعودي,18
1446,2025,حائل,عالمي وأجنبي,أنثى,غير سعودي,4
1446,2025,عسير,حكومي,ذكر,سعودي,16989
1446,2025,عسير,حكومي,ذكر,غير سعودي,911
1446,2025,عسير,حكومي,أنثى,سعودي,18129
1446,2025,عسير,حكومي,أنثى,غير سعودي,958
1446,2025,عسير,أهلي,ذكر,سعودي,1550
1446,2025,عسير,أهلي,ذكر,غير سعودي,190
1446,2025,عسير,أهلي,أنثى,سعودي,761
1446,2025,عسير,أهلي,أنثى,غير سعودي,124
1446,2025,عسير,عالمي وأجنبي,ذكر,سعودي,16
1446,2025,عسير,عالمي وأجنبي,ذكر,غير سعودي,29
1446,2025,عسير,عالمي وأجنبي,أنثى,سعودي,9
1446,2025,عسير,عالمي وأجنبي,أنثى,غير سعودي,32
1446,2025,نجران,حكومي,ذكر,سعودي,3800
1446,2025,نجران,حكومي,ذكر,غير سعودي,733
1446,2025,نجران,حكومي,أنثى,سعودي,4904
1446,2025,نجران,حكومي,أنثى,غير سعودي,833
1446,2025,نجران,أهلي,ذكر,سعودي,869
1446,2025,نجران,أهلي,ذكر,غير سعودي,66
1446,2025,نجران,أهلي,أنثى,سعودي,123
1446,2025,نجران,أهلي,أنثى,غير سعودي,34
