Unnamed: 0,Unnamed: 1,Unnamed: 2,Unnamed: 3,Unnamed: 4,Unnamed: 5,Unnamed: 6,Unnamed: 7,Unnamed: 8,Unnamed: 9,Unnamed: 10,Unnamed: 11,Unnamed: 12,Unnamed: 13,Unnamed: 14,Unnamed: 15,Unnamed: 16,Unnamed: 17,Unnamed: 18,Unnamed: 19," (مليون ريال)
 (Million Riyals)",Unnamed: 21,Unnamed: 22,Unnamed: 23
الفترة Period,"الربع الأول عام 2019م
First quarter 2019","الربع الثاني عام  2019م
Second quarter 2019","الربع الثالث عام  2019م
Third quarter 2019"," عام  2019م
 2019","الربع   الأول عام 2020م
First quarter 2020","الربع   الثاني عام 2020م
Second quarter 2020","الربع   الثالث عام 2020م
Third quarter 2020","عام  2020م
 2020","الربع   الأول عام 2021م
First quarter 2021","الربع   الثاني عام 2021م
Second quarter 2021","الربع   الثالث عام 2021م
Third quarter 2021"," عام  2021م
  2021","الربع   الأول عام 2022م
First quarter 2022","الربع   الثاني عام 2022م
Second quarter 2022","الربع  الثالث عام 2022م
Third quarter 2022"," عام  2022م
 2022","الربع   الأول عام 2023م
First quarter 2023","الربع   الثاني عام 2023م
Second quarter 2023","الربع  الثالث عام 2023م
Third quarter 2023","عام 2023م
2023","الربع الأول عام  2024م
First quarter 2024م ","الربع الثاني عام  2024م
Second quarter 2024 ","الربع الثالث عام 2024م
Third quarter 2024"
" 
  إدارة وتطوير العقارات Real Estate Mgmt & Dev't ",36036.7545,47992.153,46012.5754,48622.3049,46017.575,51694.954008,45390.2546,46176.124041,45858.96954899999,46758.71925,43845.10725,41602.78615,43064.80276400001,41988.385978,44242.903,44960.968483,43532.3625,45022.2378,48096.205619,49818.583385,52543.81,54143.84,54751.18
الاتصالات Telecommunication Services,33813,38416.79,39814.442,40872.014,38673.82870000001,34587.6761,33969.4328,34431.38400000001,32500.807,33262.8554,33504.3307,36386.967594,32869.73817,33702.46370000001,33009.07410000001,36150.081517,36078.3771,34917.6976,46443.6096,49760.6259,45101.12,47214.75,36074.43
" 
  الادوية Pharma, Biotech & Life Science ",1020,1345.529,1354.1655,1209.7801,1354.1655,1334.2953,1334.1359,1351.6343,1339.4158,1326.4553,1329.9435,1294.8167,1341.3916,1528.7474,1231.4332,1081.7432,1257.3131,1228.8669,1106.9938,1121.6412,1320.78,1575.1,1605.63
" 
 Financial Services الخدمات المالية ",14253,14371.9851,14964.9928,14333.4362,14858.0963,15572.5224,16865.7962,16285.8506,15012.8854,14908.6746,15322.2547,17819.410513,15802.2755,16259.1453,17720.2153,19805.2579,22914.7951,25487.993241,22638.759661,21675.947,20628.69,20187.89,19979.3
" 
  Media and Entertainment الإعلام والترفيه ",1235,1250.2974,1369.9618,1277.2469,1247.0876,1127.711665,1140.2714,1113.5825,1064.2882,1060.617902,1158.681875,3373.049042,2077.184186,2804.042259,2769.0028,2567.2815,2599.9912,2407.6889,2289.140526,3886.7999,4706.67,4561.03,4116.12
" 
  الخدمات الاستهلاكية Consumer Services",7785,8052.0278,8230.5293,8867.7864,8101.916409,6914.3754954,7388.7271,7182.237263999999,7194.780093,7751.569097000001,7389.934622999999,7949.370706000001,8071.697414000001,8279.574914,8368.271245,8251.281405000002,9412.951832,10076.796556,9779.552209000001,9333.366970000001,9741.46,9603.54,9351
" 
  الخدمات التجارية والمهنية Commercial & Professional Svc ",2376,2819.7781,1530.6992,1421.2001,1530.6992,1926.487585,1753.494,1702.7867,1685.5228,1692.6366,1577.346379,1361.321315,951.1442999999999,1349.8902,1926.0139,1753.9216,1782.289636,1783.607222,1725.297522,1711.6764,1697.19,1843.85,1863.51
" 
  الرعاية الصحية    Health Care Equipment & Svc ",4917,5625.6859,4894.056,8837.3704,6955.5936,7775.0464,8257.2891,8978.551038,9490.7019,9203.6462,9433.588076,10525.80531,11622.0934,11974.3506,12123.7762,11505.7248,11821.3,12433.4706,13242.2125,13477.1819,13393.36,14602.67,14949.07
" 
  السلع الرأسمالية Capital Goods ",7764,7897.6667,6099.252699999999,5890.484100000001,6093.8869,6137.041499999999,5972.979899999999,5278.1388,5209.198815000001,5561.219000000001,5923.290532999999,4792.659103000001,5376.9924,5487.094999999999,5788.266600000001,6709.040499999999,6985.839199999999,7123.4204,7111.538900000001,6730.227800000001,5057.42,6010.88,6051.38
" 
  السلع طويلة الاجل Consumer Durables & Apparel",1941,2261.8273,2223.704,1950.6915,2026.871,1678.468858,1589.8745,1396.6893,1073.2417,1032.1884,1034.280517,511.115336,1235.9781,1181.8391,1208.5043,1665.7797,1736.1709,1725.8595,1712.6718,1767.7153,1804.89,1764.46,1871.65
" 
  الطاقة Energy ",65687,64773.859,65572.27260000001,240006.9545,250821.2726,555014.8351,473369.9227000001,602729.1975,605540.6556,606028.3298999999,601895.2024000001,573990.3753,544893.8549,451472.8882,440879.6403,446008.7228,399883.8455000001,339351.4551,339790.2481,355645.4027,359973.85,346848.34,366995.96
" 
  المرافق العامة Utilities ",160090,161879.457,158756.8338,159891.8865,158756.8338,164044.4839,168118.5039,114018.1455,111912.6111,115673.5836,109793.338091,133288.808998,130348.5065,133524.3131,127874.1523,135800.3779,308423.1338,316813.4696,321415.9159,147048.8197,160963.52,171291.74,180776.76
" 
  المواد الأساسية Materials ",190573,181301.8661000001,171728.4688,164425.8343000001,167655.6408,148880.06929,152258.5782000001,145034.089195,141174.7172,137996.4172,133597.772975,127632.924804,126728.3723,122874.8638,121941.635,118195.8205,117395.3905,114150.8464,116429.2739,116126.7046,112696.58,114257.33,114365.93
" 
  النقل Transportation ",3006,3217.1113,2124.2548,2342.6337,1922.9128,2165.2857,2815.1445,3062.0326,4369.768700000001,4697.1024,5074.190417000001,4751.82972,4681.1143,4858.1206,4834.4974,5033.375300000001,4330.2261,4730.0617,5764.8168,8117.7142,8377.5,8401.23,9262.81
" 
  إنتاج الأغذية  Food & Beverages ",29914,29895.9049,29367.3663,28119.0784,29214.5263,27083.5162,26636.7351,24866.0442,25068.170147,25386.4901,24870.19806599999,25175.5504,25629.3471,27130.5422,26551.33939999999,24877.62520000001,26771.511,28200.6378,31130.97919999999,28763.3348,27195.64,27738.43,24774.64
" 
  Consumer Staples Distribution & Retail تجزئة وتوزيع السلع الاستهلاكية ",4999,4892.3484,2820.5933,2656.5057,2787.9076,2435.473786,2808.7562,5081.270664,5278.31702,5300.0031,5285.441570999999,5141.325440000001,8594.553290000002,9324.368679,9694.6628,9259.5947,9343.3045,9236.948400000001,9102.3853,9159.3894,8998.39,9455.27,10117.59
" 
 Consumer Discretionary Distribution & Retail تجزئة وتوزيع السلع الكمالية ",6806.4795,11143.4785,11908.6116,12416.9663,11050.4945,11555.093041,11620.5337,11591.807763,12145.303872,12043.258598,11898.467686,11640.401001,11954.477791,13524.577407,13927.697913,14179.33008,13427.6892,12584.012349,12197.701042,12123.294281,11854.55,11753.2,11439.64
" 
  البنوك Banks ",137214,142659.216,154150.348,155822.537,199386,258459.392,255984.623,271536.02,269578.505439,274479.965,291702.24,318491.195,319405.7437,397702.1955,414718.0828,426653.6049,415888.316,443138.5449999999,479597.3960000001,523179.955,487066.95,526576.39,624771.17
" 
  التأمين Insurance ",-,-,-,-,-,-,-,-,-,-,-,-,-,-,-,-,-,-,-,-,-,-,-
" 
  التطبيقات وخدمات التقنية Software & Services",-,286.553,283.0716,220.2431,283.0716,413.516259,453.8074,372.8596,396.027,378.2671,520.104953,402.491997,593.0883,1037.5164,1098.1666,1353.6649,1516.7918,1716.6496,1900.9113,1953.6984,2438.61,2663.34,2790.06
* مجموع الديون طويلة وقصيرة الأجل. ولا تشمل قطاع التأمين.,-,-,-,-,-,-,-,-,-,-,-,-,-,-,-,-,-,-,*The total of Long-term debt and short-term debt. ,-,-,-,-
لا يشمل قطاع الصناديق العقارية المتداولة,-,-,-,-,-,-,-,-,-,-,-,-,-,-,-,-,-,-,Excluding REITs & Insurance Sectors,-,-,-,-
-,-,-,-,-,-,-,-,-,  ,-,-,-,-,-,-,-,-,-,-,-,-,-,-
-,-,-,-,-,-,-,-,-,  ,-,-,-,-,-,-,-,-,-,-,-,-,-,-
-,-,-,-,-,-,-,-,-,  ,-,-,-,-,-,-,-,-,-,-,-,-,-,-
-,-,-,-,-,-,-,-,-,  ,-,-,-,-,-,-,-,-,-,-,-,-,-,-
